{"cameraMode":{"drawMode":0,"name":"Shaded","section":"Shading Mode"},"sceneLighting":true,"audioPlay":false,"sceneViewState":{"m_AlwaysRefresh":false,"showFog":true,"showSkybox":true,"showFlares":true,"showImageEffects":true,"showParticleSystems":true,"showVisualEffectGraphs":true,"m_FxEnabled":true},"in2DMode":false,"pivot":{"x":95.02629089355469,"y":-18.446977615356447,"z":29.263198852539064},"rotation":{"x":0.031487803906202319,"y":0.020988037809729577,"z":-0.0006613636505790055,"w":0.9992841482162476},"size":217.8419189453125,"orthographic":false}