{"cameraMode":{"drawMode":0,"name":"Shaded","section":"Shading Mode"},"sceneLighting":true,"audioPlay":false,"sceneViewState":{"m_AlwaysRefresh":false,"showFog":true,"showSkybox":true,"showFlares":true,"showImageEffects":true,"showParticleSystems":true,"showVisualEffectGraphs":true,"m_FxEnabled":true},"in2DMode":false,"pivot":{"x":481.52685546875,"y":261.8938903808594,"z":-7.206573486328125},"rotation":{"x":0.031487803906202319,"y":0.020988037809729577,"z":-0.0006613636505790055,"w":0.9992841482162476},"size":382.45709228515627,"orthographic":false}